title,teaserSnippet,updatedAt,urlAlias,insights,summary
"U.S. response to geopolitical flare-up is 'extremely inflationary,' record deficits already a massive problem for the Fed, Treasury – James Lavish","Any U.S. response to a sudden geopolitical flare-up will be ""extremely inflationary,"" posing a massive problem for the Federal Reserve and U.S. Treasury, which are already facing 'monumentally irresponsible' record deficits, says James Lavish, Managing Partner at Bitcoin Opportunity Fund.
",2024-04-23 16:57:22-04:00,https://www.kitco.com/news/article/2024-04-23/us-response-geopolitical-flare-extremely-inflationary-record-deficits,"| **Numerical Insight**   | **Value** |
|:---|:---|
| U.S. government spending more than tax receipts per year | $2.2 trillion |
| Projected increase in money supply in the next ten years | Double |
| Gold price forecast by Citigroup in the next 6 to 18 months | $3,000 |
| Gold price forecast by Goldman Sachs by the year-end | $2,700 |
| Gold price forecast by UBS by the year-end | $2,500 |
| Bitcoin price at the time of writing | $66,700 |
| Bitcoin price increase year-to-date | 58% |","**Good News:**

- Gold is an excellent store of value, holding its value over centuries.
- Gold has seen a sudden surge amid geopolitical tensions and increased central bank buying.
- Spot gold is up around 13% year-to-date, despite hitting a three-week low early this week.
- Major banks are revising their gold price forecasts for this year, with Citigroup calling for a $3,000 gold price over the next 6 to 18 months, which is an upward revision of 40%.
- Washington is expected to double the money supply in the next ten years, which could lead to a significant increase in the price of gold.

**Bad News:**

- The U.S. government has been printing and spending money at a time when the Federal Reserve has been battling sticky inflation, resulting in record-high deficits.
- Heightened geopolitical tensions could lead to a sudden flare-up that would be ""extremely inflationary"" and require a massive response from the Federal Reserve and U.S. Treasury.
- The Fed has pointed to higher-than-expected interest rates amid persistent inflation as the biggest threat to financial stability.
- This year's higher-than-expected inflation could force the Fed to post-pone rate cuts even further, with the markets already pushing back their first rate cut expectations to September or November.
- UBS is warning that there is a ""real risk"" of the Fed hiking rates to 6.5% next year."
"The American dream is no longer in the U.S., how to achieve economic freedom now –  Andrew Henderson ","The American dream is “dead,” said Andrew Henderson, founder of Nomad Capitalist, who is the go-to expert on where to find economic freedom with global citizenship and whose founding principle is “go where you are treated best.” 
",2024-04-15 09:48:05-04:00,https://www.kitco.com/news/article/2024-04-15/american-dream-no-longer-us-how-achieve-economic-freedom-now-andrew,"| Numerical Insight | Value |
|---|---|
| U.S. passport ranking in Nomad Capitalist's Passport Index | 44th |
| Percentage of global allocated foreign exchange reserves accounted for by the U.S. dollar in Q3 2023 | 59% |
| Percentage decrease in the share of the U.S. dollar in global allocated foreign exchange reserves since early 2016 | 6% |
| Number of countries included in the Caribbean passports that allow for visa-free travel or tax-friendly living | 14-15 |
| Date of Nomad Capitalist Live event in Malaysia | September 25-28 |","**Good news:**

- The de-dollarization trend has gained momentum, reducing the dominance of the U.S. dollar in international trade and reserves.
- Nomad Capitalist highlights the benefits of multiple passports and global citizenship, including enhanced travel opportunities, increased financial freedom, and protection against geopolitical risks.
- The annual Nomad Capitalist Live event offers valuable insights on global citizenship, tax optimization, and wealth protection.

**Bad news:**

- Andrew Henderson expresses concern about the declining economic and personal freedoms in Western countries, including the U.S.
- Henderson warns of the growing risk of private bank accounts being canceled due to unpopular opinions of account holders, especially in the West.
- The de-dollarization trend could lead to increased conflicts and trade wars, as the U.S. may resort to more aggressive tactics to maintain its economic dominance.
- Henderson believes that the American dream is ""dead"" for many, due to factors such as rising inequality and limited economic opportunities."
"No bank is safe, implosion coming: 'Every single bank is insolvent' — Lynette Zang","The banking sector’s troubles might be out of mainstream headlines, but the crisis is far from over, with the risk of an implosion and consolidation of banks still extremely high, warned Lynette Zang, Founder & CEO of Zang Enterprises & LynetteZang.com.
",2024-04-08 11:39:29-04:00,https://www.kitco.com/news/article/2024-04-08/no-bank-safe-implosion-coming-every-single-bank-insolvent-lynette-zang,"| Metric | Value |
|---|---|
| Number of countries exploring a CBDC | 134 |
| Percentage of global GDP represented by countries exploring a CBDC | 98% |
| Number of banks that collapsed during the 2023 banking crisis | 3 |
| Total assets held by the three banks that collapsed in 2023 | $532 billion |
| Number of banks that collapsed at the height of the global financial crisis in 2008 | 25 |
| Amount of money distributed through the Bank Term Funding Program before its expiration | $170 billion |
| U.S. national debt | $34.5 trillion |","**Good News:**

- The Federal Reserve is working to remove the ""stigma"" surrounding its discount window, which could help banks access liquidity during a crisis.

- The U.S. national debt is above $34.5 trillion, which could force the Fed to eventually pivot and cut rates, potentially easing inflationary pressures.

- Bitcoin could be a Trojan horse for CBDCs, potentially normalizing the idea of digital currencies and making the public more receptive to a future CBDC.

**Bad News:**

- The banking sector remains vulnerable, and the risk of an implosion and consolidation of banks is still extremely high.

- Every single bank is insolvent due to the Federal Reserve's actions, with all their debt now underwater.

- The expiration of the Federal Reserve's emergency banking program could lead to another financial crisis, especially due to banks' exposure to the tumbling commercial real estate sector and high interest rates.

- The International Monetary Fund has warned that the U.S. could see another financial crisis due to the banks' exposure to the tumbling commercial real estate sector and high interest rates.

- The upcoming crisis in the banking sector could be used to pave the way for a central bank digital currency (CBDC) in the U.S.

- CBDCs could undermine individual freedom and privacy, as they would give central banks control over the flow of money.

- Bitcoin could be a decoy that ushers in a CBDC, potentially leading to a loss of financial sovereignty and control over one's own funds."
Gold price hits new record highs as the West loses price-setting powers: Frank Giustra & Pierre Lassonde on new geopolitical reality & resource nationalism,"As gold set another record high, Canadian mining legends Frank Giustra, CEO of Fiore Group, and Pierre Lassonde, Chairman Emeritus at Franco-Nevada, say the West has lost its power to set the price of gold. Giustra and Lassonde also warn that in the new geopolitical reality of resource nationalism, Canada is failing its economy and citizens.
",2024-04-02 12:40:37-04:00,https://www.kitco.com/news/article/2024-04-01/gold-price-hits-new-record-highs-west-loses-price-setting-powers-frank,"| Numerical Insights | Value |
|---|---|
| Gold Futures High | $2,264 per ounce |
| Percentage of Gold Annual Production Taken by China | Over two-thirds |
| Number of Countries in BRICS Plus | 10 |
| Value of Canadian Pension Funds | CAD$2.7 trillion |
| Percentage of Canadian Pension Funds Invested in Canadian Public Companies | Less than 3% |
| Number of Projects Operated by Eagle Plains Resources | Over 50 |
| Number of Outstanding Shares for Eagle Plains Resources | 115M |","**Good News:**

- Gold has set another record high, indicating strong demand and potential for further price increases.
- China has become the major buyer of gold, accounting for over two-thirds of annual production.
- BRICS Plus nations have the potential to create a new currency backed by gold, which could increase gold's value.

**Bad News:**

- The United States is losing its power to set the price of gold due to China's dominance.
- Canada is failing to secure critical metals for its economy and citizens.
- Canadian pension funds are investing more in China than in Canada, which could lead to negative consequences for Canada's economy.
- Canada's mineral sector has been ignored by the government for decades, and the country is in danger of losing out in the race for critical minerals."
"Gold prices due for a correction, silver gets support from both investors and industry – Heraeus","(Kitco News) – Gold appears overbought and due for an imminent correction, while silver is seeing support from both the investment community and industrial demand, according to precious metals analysts at Heraeus.",2024-04-08 10:30:37-04:00,https://www.kitco.com/news/article/2024-04-08/gold-prices-due-correction-silver-gets-support-both-investors-and-industry,"| Numerical Insights |
|---|---|
| Gold price increase year-to-date | 12.6% |
| Gold price appreciation in the last two weeks | 4.7% |
| Cumulative interest rate reduction by year-end | ~75 bp |
| Spot gold all-time high | $2,354.15 per ounce |
| Spot gold price at the time of writing | $2,330.10 per ounce |
| Silver price rise above | $27/oz |
| Silver ETF holdings increase year-to-date | 3% |
| Silver ETF holdings | 724 moz |
| Spot silver price per ounce | $27.301 |
| Spot silver price decrease on the session | 0.48% |","**Good News**

* Gold prices have risen by 12.6% year-to-date, despite moderating rate cut expectations.
* Gold prices have appreciated by nearly 4.7% in the last two weeks, even as Fed speakers have been working overtime to talk down frothy markets.
* Swaps markets are still pricing in three cuts to the Federal Funds Rate by year-end, with a cumulative interest rate reduction of ~75 bp.
* Spot gold continued to show strength on Monday after setting a new all-time high of $2,354.15 per ounce overnight.
* Silver is rising on the back of the strong performance of other metals of late.
* Silver has benefited from both the investment/consumer and industrial demand sectors.
* Industrial demand for silver is also expected to rise this year.
* Spot silver also saw a run-up above $28 per ounce in overnight trading.

**Bad News**

* Gold appears overbought and due for an imminent correction.
* The risk of a counter-trend movement in gold is rising.
* Spot gold has since pulled back to $2,330.10 per ounce.
* Spot silver has since followed gold prices lower."
Forget Bitcoin: why gold is the ultimate safe-haven asset in uncertain times,"While stocks and Bitcoin have dominated the headlines after hitting new highs, the record-setting gold rally has flown under the radar. WGC highlights why investors should consider gold as a diversification tool.",2024-03-29 12:35:31-04:00,https://www.kitco.com/news/article/2024-03-29/forget-bitcoin-why-gold-ultimate-safe-haven-asset-uncertain-times,"| Numerical Insights | Value |
|---|---|
| Gold's price increase since 1971 | 8% per year |
| Gold's long-term return since 1971 | Comparable to equities and higher than bonds |
| Gold's return in years when inflation was between 2%-5% | 8% per year |
| Gold's return in years when inflation was higher than 5% | Even higher than 8% per year |
| Gold's outperformance of major currencies and commodities since 1971 | Significant |
| Gold mine production growth over the past 20 years | Approximately 1.7% per year |
| Value of physical gold holdings by investors and central banks | Approximately US$5.1tn |
| Value of open interest through derivatives traded on exchanges or the OTC market | US$1.0tn |
| Risk-adjusted returns and lower drawdowns if 2.5%, 5%, 7.5% or 10% were allocated to gold | Higher |","**Good News:**

- Gold has reached new all-time highs, validating the faith of long-time precious metals holders.
- Gold is a strategic asset that provides long-term returns, diversification, and liquidity.
- Gold is a safe-haven asset during times of economic uncertainty.
- Gold has outperformed many other major asset classes over the past 3, 5, 10, and 20 years.
- Gold is a less volatile asset than some equity indices, other commodities, or alternatives.
- Gold has outperformed all major currencies and commodities as a means of exchange since the gold standard was removed.
- Gold mine production has grown slowly over time, while fiat money can be printed in unlimited quantities.
- Gold has a negative correlation to equities and other risk assets, which increases during sell-offs.
- Gold can also deliver positive correlation with equities and other risk assets when market conditions improve.
- Gold provides ample liquidity, with physical gold holdings worth approximately US$5.1tn and an additional US$1.0tn in open interest through derivatives.
- Gold has the potential to perform better than many mainstream asset classes under various long-term climate scenarios.
- Gold is less likely to be negatively impacted by a rising carbon price.

**Bad News:**

- Gold's recent rise has been somewhat overshadowed by the rise of Bitcoin, S&P 500, Dow, and Nasdaq.
- Gold does not directly conform to the most common valuation methodologies used for equities or bonds.
- Gold offers no cash flows.
- Gold can experience significant price volatility during certain times."
Indian gold market a mixed picture of muted consumer demand amid surging imports and exports,"(Kitco News) – High prices are choking India’s consumer gold demand even as imports, ETF inflows and central bank purchases surge, according to Kavita Chacko, Research Head for India at the World Gold Council (WGC).",2024-03-20 12:46:22-04:00,https://www.kitco.com/news/article/2024-03-20/indian-gold-market-mixed-picture-muted-consumer-demand-amid-surging-imports,"| Numerical Insight | Value |
|---|---|
| Gold price | $2,100 per ounce |
| Increase in gold price | 4% |
| Indian gold ETF inflows | $93.3 million |
| Indian gold ETF AUM | US$3.3bn |
| Indian gold ETF holdings | 44.7t |
| RBI gold holdings | 817t |
| RBI gold purchases in February | 4.7t |
| RBI gold purchases in 2024 | 13.4t |
| Gold imports in February | US$6.1bn |
| Increase in gold imports in February | 134% |
| Gold imports in April-February | 16.7t - 121.9t |
| India's overall gems and jewelry exports in February | $3.05 billion |
| India's gold jewelry exports in February | $821.55 million |
| Percentage change in India's gold jewelry exports | 16.43%","**Good News**

* Inflows into Indian gold ETFs continued for the eleventh consecutive month in February, with the $93.3 million in inflows the highest in six months.
* At the end of February, assets under management (AUM) in Indian gold ETFs stood at US$3.3bn (INR285.3bn, 33% y/y) with 44.7t of holdings, up 18% y/y.
* The strong gold ETF inflows are being driven by several factors, including “the surge in gold prices, a growing appetite for tradeable financial products, a substantial increase in capital market investment and the need for diversification, and geo-political tensions.”
* Four new gold ETFs have come to the market in just the last six months taking the tally of India’s gold ETFs to 17.
* The Reserve Bank of India (RBI) data and our own estimates indicate that the central bank was a net buyer of 4.7t of gold during the month.
* This follows 8.7t of gold acquired in January and brings the RBI’s gold holdings to an all-time high of 817t at the start of March.
* As a percentage of forex reserves, gold accounted for 7.7% at the end of February.
* The RBI’s 13.4 tonnes of net gold purchases in just the first two months of 2024 “already amounts to more than 80% of its 2023 annual net purchase (16.2t) and represents the largest purchase for the period since 2015.”
* Gold imports in February saw a substantial increase on an annual (134%) as well as sequential basis (222%).
* Imports during the month at US$6.1bn were the highest since October and follow three months during which they were repressed.
* Gold jewelry exports surged 16.43% to $821.55 million during the month.

**Bad News**

* High prices are choking India’s consumer gold demand even as imports, ETF inflows and central bank purchases surge.
* After a negative performance in February, gold hit multiple all-time highs in March as it continues to trade above $2,100 per ounce.
* New record prices have served to choke demand for gold jewelry, which was already muted from months of high prices.
* Even if prices were to moderate, demand is unlikely to improve in the next few months because India’s impending general elections from April to June mean the flows of gold and cash will be closely monitored.
* The local price is now trading around US$ 20/oz below the international price (as of 15 March) from a premium that ranged from US$0.25/oz to US$4/oz in February.
* India’s overall gems and jewelry exports declining 12.66% year-over-year to $3.05 billion in February."
HSBC launches retail tokenized gold in Hong Kong amid push for digitization,HSBC Bank has announced the launch of tokenized gold for its retail customers in Hong Kong amid a push by the government to make real-world assets available in digital form.,2024-03-28 11:39:02-04:00,https://www.kitco.com/news/article/2024-03-28/hsbc-launches-retail-tokenized-gold-hong-kong-amid-push-digitization,"| Numerical Insights | Value |
|---|---|
| Value of tokenized gold market | $1.09 billion |
| Time to settle new assets on HSBC Orion | 1 day |
| Time to settle secondary market trade settlements and coupon payments on HSBC Orion | Not specified |
| Year of launch of tokenized gold in Hong Kong | 2023 |
| Number of circulars released by the SFC on tokenized products and assets | 2 |
| Value of multicurrency digital bond offering by the Hong Kong government | $750 million |
| Year of completion of the world's first multicurrency digital bond offering | 2023 |
| Number of degrees held by Jordan Finneseth | 3 |
| Year of Jordan Finneseth's focus on the cryptocurrency space | 2017 |
| Phone number of Jordan Finneseth | 1- 514.670.1372 |","**Good News:**

* HSBC Bank has launched tokenized gold for retail customers in Hong Kong.
* This is the first such retail product to be issued by a bank.
* Customers can buy the tokenized gold through HSBC's online banking and mobile app.
* The government of Hong Kong has been pushing for more digital assets to be rolled out for public use.
* The SFC has released circulars that outline the requirements for tokenized products and assets to be offered to the public.
* HSBC Orion's blockchain-powered platform has reduced the issuance settlement time for new assets from five days to one day.
* HSBC is focused on investing in DLT and identifying which assets to develop as digital products.
* Hong Kong has the potential to become the world's leading digital asset hub.

**Bad News:**

* No bad news was found in the text."
"FOMC return to neutral stance ‘terrible for risk assets, including gold’ but some analysts say it’s possible","What if two consecutive months of higher-than-expected inflation prints push the Fed to pull back from its implied easing bias, and instead set the central bank’s monetary policy on more neutral footing?",2024-03-20 10:45:45-04:00,https://www.kitco.com/news/article/2024-03-19/fomc-return-neutral-stance-terrible-risk-assets-including-gold-some,"| Numerical Data | Value |
|---|---|
| Number of analysts and traders who believe a rate cut is not on the table this month | Virtually unanimous |
| Number of basis points of cuts the latest FOMC voter data could suggest this year | 50 |
| Number of consecutive months of higher-than-expected inflation prints | 2 |
| Number of times the March rate cut has been pushed back | Several |
| Number of months the market has been hanging on to the idea that the next Fed meeting may signal rate cuts | Several |
| Number of basis points of a rate cut | 25 |
| Number of years in which the Fed could cut rates three times | 2024 |
| Number of years in which the Fed could cut rates twice | 2024 |
| Number of dollars gold could fall if the dots moved 75 to 50 | $30 |
| Number of basis points in a rate cut | 25 |
| Number of years in which the Fed could cut rates once | 2024 |
| Number of all-time highs gold has hit week after week | several |
| Percentage chance of a rate cut in June | 60 |
| Number of years of experience Ernest Hoffman has as a reporter | 15 |","**Good News:**

* Gold prices have shown a great deal of sensitivity to inflation data, suggesting that investors are seeking gold as a hedge against inflation.
* The market has been hanging on to the idea that the next data point could be confirmation that easing is imminent, which could support gold prices.
* Gold has already broken out to new highs, indicating that it is in a bullish trend.
* The precious metal is hitting new all-time highs week after week, while most investors are still on the sidelines, suggesting that there is still room for growth in the gold market.

**Bad News:**

* The FOMC may shift to a neutral policy stance, which could lead to a sell-off in gold.
* The Fed's dot plots could signal a shift from three cuts to two in 2024, which could also weigh on gold prices.
* If CPI and PPI continue to trend above expectations, it could push the Fed to pull back from its implied easing bias, which could hurt gold prices."
"Gold’s year-ahead returns projected at 8.46%, Fed cuts are ‘icing on the cake’ – QuantStreet Capital’s Mamaysky","(Kitco News) – Gold remains under-allocated in investor portfolios, and the Fed’s imminent easing cycle will likely make it an even more attractive asset this year, according to Columbia Business School professor and QuantStreet Capital partner Harry Mamaysky.",2024-03-19 12:52:03-04:00,https://www.kitco.com/news/article/2024-03-19/golds-year-ahead-returns-projected-846-fed-cuts-are-icing-cake-quantstreet,"| Metric | Value |
|---|---|
| Number of years Bitcoin has skyrocketed after the introduction of bitcoin ETFs | 3 |
| Number of periods of Fed easing since the 1970s | 11 |
| Average increase in gold futures prices in the two-year period after the start of Fed easing | 20% |
| Average gold return in the model training window | Not specified |
| Forecasted one-year ahead gold return | 8.46% |
| Years of experience as a writer, editor, broadcaster and producer for Ernest Hoffman | 15 |","**Good News:**

* Gold is under-allocated in investor portfolios, making it an attractive investment opportunity.
* The Fed's imminent easing cycle is likely to make gold even more attractive.
* Gold has historically performed well during periods of Fed easing.
* Machine learning-based forecasting models predict an 8.46% return for gold over the next year.
* QuantStreet's asset allocation framework recommends a gold exposure in all risk-targeted portfolios.

**Bad News:**

* The current gold to CPI ratio is extremely high in historical terms.
* The recent run-up in the gold price may be due in part to the introduction of the GLD ETF, which has made gold investing more accessible to retail investors.
* The presence of liquid gold ETFs may have permanently moved gold valuation into a different regime."
"Gold price forecast looks bearish, dragged by fundamental risks, technical indicators - FX Leaders’ Butt","(Kitco News) – Gold prices look set to continue their recent retracement as the technical and fundamental picture worsens, according to Arslan Butt, Lead Commodities and Indices Analyst at FX Leaders.",2024-03-18 15:36:27-04:00,https://www.kitco.com/news/article/2024-03-18/gold-price-forecast-looks-bearish-dragged-fundamental-risks-technical,"| Numerical Insight | Value |
|---|---|
| Gold price | $2,050 per ounce |
| One-year inflation expectations | Minimal change |
| Five-year inflation expectations | Minimal change |
| US Consumer Sentiment Index | 76.5 |
| Probability of an interest rate reduction in June | 60% |
| Gold's (XAU/USD) price decrease | 0.36% |
| Gold's pivotal pivot point | $2157.22 |
| Immediate resistance | $2173.06 |
| Further obstacles | $2189.33 and $2204.58 |
| Support levels | $2139.00, $2124.63, and $2109.75 |
| Relative Strength Index (RSI) reading | 36 |
| 50-day Exponential Moving Average (EMA) | $2150.84 |","**Good News:**

- Anticipation of rate cuts from the Federal Reserve as early as June.
- Ongoing geopolitical tensions, particularly the Russia-Ukraine conflict and unrest in the Middle East, are expected to support the value of gold as a safe-haven asset.

**Bad News:**

- Gold prices are expected to continue their recent retracement due to weak technical and fundamental factors.
- Robust inflation figures from the United States have fueled expectations of prolonged high-interest rates, which has bolstered US Treasury bond yields and strengthened the US Dollar, putting pressure on non-yielding gold.
- The formation of a descending triangle breakout pattern on the 4-hour chart suggests a bearish outlook.
- Technical indicators, including a Relative Strength Index (RSI) reading of 36 and the 50-day Exponential Moving Average (EMA) positioned at $2150.84, support a bearish outlook."
"Gold demand should dip as summer approaches, while silver prices could play catch-up - Heraeus","(Kitco News) – Demand for gold is likely to ease with the approach of summer, while silver prices may be poised to play catch-up, according to the latest precious metals report from strategists at Heraeus.",2024-03-18 12:18:11-04:00,https://www.kitco.com/news/article/2024-03-18/gold-demand-should-dip-summer-approaches-while-silver-prices-could-play,"| Numerical Insight | Value |
|---|---|
| Decline in Chinese consumer gold demand in Q2 | 21% quarter-on-quarter |
| 10-year high in Chinese gold imports from Hong Kong | Not specified |
| Percentage increase in silver price implied by gold:silver ratio of 60.09 | 47% |
| Gold price on March 11, 2024 | $2,158.50 per ounce |
| Gold price increase at the time of writing | 0.12% |
| Gold:silver ratio on March 11, 2024 | 85.6 |
| Gold:silver ratio on January 1, 2024 | 87.03 |
| Average gold:silver ratio during previous gold all-time-high peaks | 60.09 |
| Silver price on March 11, 2024 | $25.21 per ounce |
| Zone of resistance for silver price | $25.90 per ounce |
| Silver price at the time of writing | $25.079 per ounce |
| Percentage loss in silver price on the day | 0.37% |
| Ernest Hoffman's years of experience as a writer, editor, broadcaster, and producer | 15 |","**Good News:**

- Demand for silver is expected to increase, potentially closing the gap with gold.
- Silver prices remain historically undervalued compared to gold, suggesting potential for growth.
- Indian gold demand is expected to pick up in the lead-up to the Akshaya Tritiya festival.

**Bad News:**

- Demand for gold is likely to ease with the approach of summer, leading to a potential decline in prices.
- Chinese consumer gold demand in Q2 tends to decline by an average of 21% quarter-on-quarter.
- Fewer weddings and festivals in India during March and April could result in lower gold demand.
- Local market premiums for gold have already begun to fall, indicating a potential decrease in demand."
"Wall Street turns bearish on gold’s prospects with FOMC on deck, Main Street maintains its bullish bias","The latest Kitco News Weekly Gold Survey showed last week’s bullish sentiment among market experts has largely evaporated, while retail traders remain optimistic about gold’s chances for continued gains next week.",2024-03-15 17:49:32-04:00,https://www.kitco.com/news/article/2024-03-15/wall-street-turns-bearish-golds-prospects-fomc-deck-main-street-maintains,"| **Numerical Insight** | **Value** |
|---|---|
| Spot gold price range this week | $2,184 - $2,153 per ounce |
| Number of analysts participating in Kitco News Gold Survey | 11 |
| Percentage of Wall Street respondents expecting gold prices to decline or trend sideways | 75% |
| Percentage of retail traders predicting further gains for gold next week | 56% |
| Number of central banks making interest rate decisions next week | 4 |
| Spot gold price at the time of writing | $2,157.60 |
| Percentage change in spot gold price on the day | -0.28% |
| Percentage change in spot gold price on the week | -1.06% |
| Spot silver price at the time of writing | $25.172 |
| Percentage change in spot silver price on the day | 1.58% |
| Percentage change in spot silver price on the weekly chart | 3.54% |","**Good News**

* Despite the record-setting performance last week, gold has settled into an elevated but relatively stable channel between $2,184 and $2,153 per ounce.
* Dip buyers have come in strong each time the gold price has dropped, pushing the precious metal higher.
* Retail traders remain optimistic about gold's chances for continued gains next week.
* Adrian Day, President of Adrian Day Asset Management, sees no reason to stop being bullish on gold.
* Bob Haberkorn, Senior Commodities Broker at RJO Futures, said that gold prices are showing a great deal of sensitivity to inflation data, indicating that investors are seeking safe havens.
* Despite high-interest rates, gold has continued to hit all-time highs, indicating a strong fear trade.
* The majority of Main Street investors still predict further gains for gold next week.
* Adam Button, chief currency strategist at Forexlive.com, believes that gold has already broken out and is now a buy-the-dips market.
* Mark Leibovit, publisher of the VR Metals/Resource Letter, is still overall bullish on gold, despite expecting a short-term pullback.
* Spot silver has gained 1.58% on the day and 3.54% on the weekly chart.

**Bad News**

* A hotter-than-expected CPI report, a weak retail sales report, and an elevated PPI reading have knocked gold to the bottom of its trading range this week.
* The latest Kitco News Weekly Gold Survey showed that bullish sentiment among market experts has largely evaporated.
* Darin Newsom, Senior Market Analyst at Barchart.com, predicts a decline in gold prices next week.
* Ole Hansen, head of commodity strategy at Saxo Bank, has maintained his bearish bias ahead of the U.S. central bank meeting.
* Colin Cieszynski, chief market strategist at SIA Wealth Management, is neutral on gold for next week.
* Marc Chandler, Managing Director at Bannockburn Global Forex, expects gold to decline next week.
* James Stanley, senior market strategist at Forex.com, believes that gold is due for a down week.
* The Fed is likely to cool the rate cut talk, which could put pressure on gold prices.
* A break of $2150 could see gold fall to $2130 or even $2110.
* Mark Leibovit expects a short-term pullback in gold prices."
"'We are going to war': This is what the charts are saying, what’s next for gold and Bitcoin after record highs – Gary Cardone","Investors are in a fake market based on a monopoly game, which is why gold and Bitcoin are hitting record highs at the same time, according to Gary Cadone, CEO and founder of Cardone Digital Ventures.",2024-03-12 19:43:30-04:00,https://www.kitco.com/news/article/2024-03-12/we-are-going-war-what-charts-are-saying-whats-next-gold-and-bitcoin-after,"There are no numerical insights in the provided text, so I cannot extract the requested data.","**Good News**

* Gold and Bitcoin are hitting record highs, indicating strong demand for these assets.
* Investors are recognizing the potential value of gold and Bitcoin as hedges against inflation and economic uncertainty.
* Bitcoin, in particular, is seen as having strong long-term potential, despite potential short-term corrections.

**Bad News**

* The global economic situation is deteriorating, with the potential for war and geopolitical instability.
* The U.S. is losing its ability to control the world, which could lead to dangerous consequences.
* There is a risk of a correction in the markets, which could impact the prices of gold and Bitcoin.
* A cyberattack could derail the U.S. election, leading to political uncertainty."
"Bitcoin replacing gold in portfolios? Not so fast, says JPMorgan",JPMorgan analysts say Bitcoin won’t surpass gold allocation in investors’ portfolios anytime soon as the top digital asset remains too volatile. ,2024-03-08 11:12:33-05:00,https://www.kitco.com/news/article/2024-03-08/bitcoin-replacing-gold-portfolios-not-so-fast-says-jpmorgan,"| Numerical Insight | Value |
|---|---|
| Bitcoin's market cap to surpass gold's allocation | $3.3 trillion |
| Bitcoin's volatility compared to gold | 3.7 times |
| Implied allocation of Bitcoin in ""risk capital terms"" | $0.9 trillion |
| Bitcoin price when implied allocation matches gold | $45,000 |
| Bitcoin price on Friday | $70,000 |
| Implied allocation to Bitcoin in volatility adjusted terms | $66,000 |
| Estimated size of Bitcoin ETF market | $62 billion |
| Net inflow into spot BTC ETFs | $9 billion |
| Year when Federal Reserve is predicted to cut interest rates | 2024 |
| Jordan Finneseth's phone number | 1- 514.670.1372 |","**Good news:**

- Gold is benefiting from rising expectations that the Federal Reserve will cut interest rates in 2024.
- Bitcoin is also benefiting from rising expectations that the Federal Reserve will cut interest rates in 2024.
- Bitcoin has other tailwinds working in its favor, including the upcoming halving, which is predicted to occur around April 19.

**Bad news:**

- For Bitcoin's allocation to surpass that of gold, its market cap would need to rise to $3.3 trillion.
- The volatility in Bitcoin is around 3.7 times the volatility of gold, making it unrealistic to expect Bitcoin to match gold within investors' portfolios in notional amounts.
- When Bitcoin is compared to gold in ""risk capital terms,"" the implied allocation drops to $0.9 trillion, which translates to a BTC price of $45,000."
"Gold price vs. Bitcoin price record rally: Mixed market signals, here's what it all means — Gareth Soloway ","Are the gold and Bitcoin rallies sending mixed messages to the market, and which narrative should investors pay attention to more? Gareth Soloway, Chief Market Strategist at VerifiedInvesting.com, breaks down the two signals.",2024-03-07 18:22:49-05:00,https://www.kitco.com/news/article/2024-03-07/gold-price-vs-bitcoin-price-record-rally-mixed-market-signals-heres-what-it,"| Number | Description |
|---|---|
| 2,100 | Gold rallied to new all-time highs above $2,100 an ounce. |
| 2,150 | Gold extended its rally to trade above $2,150 an ounce. |
| 69,300 | Bitcoin topped $69,300 and set a new record high on Coinbase. |
| 50,000 | Bitcoin was up from $50,000 in the last week. |
| 2,500 | Soloway calculates the next target for gold to be $2,500 an ounce via an inverse head and shoulders pattern. |","**Good News**

* Gold and Bitcoin are rallying in tandem, indicating a positive global risk appetite.
* Gold reached new all-time highs above $2,100 and extended that rally, trading above $2,150 an ounce.
* Smart money is getting involved in gold, indicating a rotation away from risk assets.
* Central banks are buying the most gold, indicating a long-term commitment to the asset.
* The gold breakout is just the start for gold and gold miners, with a potential price target of $2,500 an ounce.
* There is massive demand from governments stockpiling gold, supporting its price.

**Bad News**

* Bitcoin's recent rally is described as a ""culmination of greed,"" creating a highly volatile environment.
* Bitcoin is at risk of following the stock market if it tops out and sells off.
* Gold ETFs are continuing to see outflows, despite gold reaching new all-time highs.
* Soloway warns that the market selloff could be steep and that Bitcoin could retrace back in risk-off trading conditions."
Growing alarm over U.S. debt: Why the Fed is 'Dr. Frankenstein's monster' that is part of the problem – Charles Payne," With the U.S. national debt surging above $34 trillion, many prominent investors and financial leaders are raising alarm over a looming crisis. Even Federal Reserve Chair Jerome Powell has weighed in expressing concern that U.S. debt is unsustainable. However, the U.S. central bank is a major part of the problem, according to Charles Payne, Host of Making Money on FOX Business Network and the author of ‘Unbreakable Investor.’",2024-02-26 18:30:59-05:00,https://www.kitco.com/news/article/2024-02-26/growing-alarm-over-us-debt-why-fed-dr-frankensteins-monster-part-problem,"| Numerical Insight | Description |
|---|---|
| $34 trillion | U.S. national debt |
| 60 Minutes | CBS news show |
| 6% to 7% | U.S. budget deficit |
| 10 years | Timeframe for ""hockey stick"" surge in debt |
| 2013 | Year Anna Golubova began exclusively covering economic news |
| 2011 | Year Michelle Makori joined CGTN |
| 5 years | Time Michelle Makori spent as an anchor and reporter for Bloomberg TV |
| 2024 | Year of Kitco Metals Inc. copyright |","**Good News:**

* No information about good news in the provided text.

**Bad News:**

* U.S. national debt is surging above $34 trillion, raising concerns among investors and financial leaders.
* Federal Reserve Chair Jerome Powell has expressed concern that U.S. debt is unsustainable.
* The Federal Reserve, a major part of the U.S. central bank, is a significant contributor to the debt problem.
* The Federal Reserve has become extremely powerful and is not truly accountable to anyone.
* U.S. lawmakers are criticized for unsustainable fiscal policies that involve borrowing from future generations.
* U.S. debt levels are rising rapidly, leading to concerns about a financial crisis.
* The U.S. is losing its reserve currency status due to unsustainable debt and accelerating de-dollarization.
* Big oil-producing countries are accepting payments for oil in currencies other than the U.S. dollar.
* The U.S. stock market may face challenges in 2024 due to the macro environment and concerns about debt and the dollar's reserve currency status."
A major attack on U.S. infrastructure is now at its highest probability – Brandon Weichert,"Is the U.S. at risk of a massive cyberattack in the next eight months? The U.S. election year is ""the most opportune"" time to carry out a cyber 9/11 on U.S. infrastructure, warned Brandon Weichert, geopolitical analyst and author of 'Winning Space.'",2024-02-23 13:56:30-05:00,https://www.kitco.com/news/article/2024-02-23/major-attack-us-infrastructure-now-its-highest-probability-brandon-weichert,"| Numerical Insight | Value |
|---|---|
| Number of months in which U.S. is at risk of a massive cyberattack | 8 |
| Probability of a large-scale cyberattack in the next eight months | 75-80% |
| Number of years | 30 or 40 |
| Number of years since Michelle Makori began exclusively covering economic news | 10 |
| Number of years since Michelle Makori joined Kitco News | 2 |
| Number of Fortune 500 company CEOs interviewed by Michelle Makori | Not specified |
| Number of languages spoken by Michelle Makori | 5 |
| Number of degrees held by Michelle Makori | 3 |
| Number of years of media experience for Anna Golubova | 10 |
| Number of key macro economic events covered by Anna Golubova | Not specified |
| Year that Anna Golubova began covering economic news exclusively | 2013 |
| Year that Michelle Makori joined i24News | Not specified |
| Year that Michelle Makori launched the U.S. division of i24News | Not specified |
| Year that Michelle Makori joined CGTN | 2011 |
| Year that Michelle Makori joined Bloomberg TV | Not specified |
| Year that Michelle Makori joined SABC Africa Television | Not specified |
| Year that Michelle Makori received her FINRA financial adviser license | Not specified |
| Year that Michelle Makori graduated from Damelin Business School | Not specified |
| Year that Michelle Makori graduated from University of the Witwatersrand | Not specified |
| Year that Kitco Metals Inc. was founded | 2024 |","**Good News:**

* None mentioned in the provided text.

**Bad News:**

* U.S. is at risk of a massive cyberattack in the next eight months.
* Russia has developed a ""troubling"" emerging anti-satellite weapon that could be used to attack satellites critical to America's military and civilian capabilities.
* Cyberattacks are surging in the U.S., with FBI Director Christopher Wray warning that Chinese hacking attempts are reaching unprecedented levels.
* U.S. saw significant cell outages, possibly due to a cyberattack or hack.
* Pharmacies across the U.S. reported delays in prescription orders due to a cyberattack against Change Healthcare.
* Major cyberattack could happen within the next eight months to create chaos and confusion, distracting the U.S. from other geopolitical conflicts."
Spot Bitcoin ETF inflows fuel debate: can Bitcoin replace gold?,Continued inflows into spot Bitcoin ETFs while gold ETFs see outflows have prompted a deeper discussion around whether BTC will replace gold as a store of wealth in investor portfolios.,2024-02-22 15:29:06-05:00,https://www.kitco.com/news/article/2024-02-22/spot-bitcoin-etf-inflows-fuel-debate-can-bitcoin-replace-gold,"| Numerical Insight | Description |
|---|---|
| $50,000 | Amount taken out of Bitcoin ETFs |
| $38bn | Total assets in all US Bitcoin ETFs |
| $54bn | Total assets in the GLD ETF |
| $166bn | Total assets in all global Gold ETFs |
| 60/40 | Traditional portfolio allocation |
| 15 | Age of Bitcoin |
| 5,000 | Years gold has been used in financial matters |
| 5 | Number of years it might take for the average portfolio to allocate 2-5% to Bitcoin |
| $1 Million | Potential price target for Bitcoin |
| 40 | Years gold has been below the M2 |
| 10 | Years of inflows into gold ETFs |
| 3 | Years of outflows from gold ETFs |
| 18 | Year in which gold ETF flows set a record |
| 7x | Surge in gold price into a bubble in 2011 |
| 30% | Return of the CoinShares Gold and Bitcoin Index since the end of 2021 |
| 10% | Return of the S&P 500 Total Return Index since the end of 2021 |","**Good News:**

- Bitcoin ETF inflows are accelerating.
- Bitcoin is seen as a potential store of wealth in the future.
- Gold has reinvented itself many times and is embraced by the official sector.
- Governments and central banks have been on a gold-buying spree.
- Gold and Bitcoin are not in competition and should be paired together.

**Bad News:**

- Gold ETFs are seeing outflows.
- Gold has been below the M2 for the majority of the past 40 years.
- Gold is not included in many portfolios.
- Bitcoin may outperform gold as an inflation hedge."
Gold ETFs lose luster with $3 billion outflows as Bitcoin ETFs take in $4.1 billion,"Gold ETFs have recorded outflows of more than $3 billion in 2024 while the newly launched Bitcoin ETFs have seen inflows of $4.1 billion, suggesting a sea change is underway.",2024-02-15 12:02:59-05:00,https://www.kitco.com/news/article/2024-02-15/gold-etfs-lose-luster-3-billion-outflows-bitcoin-etfs-take-41-billion,"| Numerical Insight | Description |
|---|---|
| $3 billion | Outflows from 11 leading gold ETFs in 2024 |
| $23.1 million | Combined inflows into VanEck Merk Gold Shares, FT Vest Gold Strategy Target Income ETF, and Proshares UltraShort Gold |
| $2.4 billion | Outflows from SPDR Gold Shares |
| 14 | Number of leading gold ETFs |
| 11 | Number of leading gold ETFs that recorded outflows in 2024 |
| 3 | Number of leading gold ETFs that recorded inflows in 2024 |
| 14 | Number of weeks that Nasdaq and S&P 500 have been up in the last 15 weeks |
| 5000 | All-time high for S&P 500 |
| 1 | Distribution Days for Nasdaq |
| 3 | Distribution Days for S&P 500 |
| $340 million | Inflows into Bitcoin ETFs on Wednesday |
| $4.115 billion | Aggregate total inflows into Bitcoin ETFs since Jan. 11 |
| $47,000 | BTC price at the launch of Bitcoin ETFs |
| $52,000 | BTC price as of the time of writing |
| 10% | Increase in BTC price since the launch of Bitcoin ETFs |
| 23% | Increase in BTC price since Jan. 1 |
| $2,066 | Spot price of gold on Jan. 1 |
| $2,033 | Spot price of gold on Jan. 11 |
| $1,999.80 | Spot price of gold as of the time of writing |
| 3.22% | Decline in gold price since the start of the year |
| 1.65% | Decline in gold price since the launch of the spot BTC ETFs |","**Good News:**

- Bitcoin ETFs continue to see inflows, with a total of $4.115 billion since Jan. 11.
- Bitcoin price has increased over 10% since the launch of Bitcoin ETFs.
- Some of the outflows from gold ETFs are likely making their way into Bitcoin ETFs.
- Gold has an ongoing role as the best analog backup for a digital world.

**Bad News:**

- Gold has lost some of its luster in the eyes of investors, with ETFs for gold seeing significant outflows in 2024.
- Out of the leading 14 gold ETFs, 11 have recorded outflows totaling more than $3 billion so far in 2024.
- The only three gold ETFs to see inflows have increased by a combined $23.1 million.
- Gold's price has declined 3.22% since the start of the year and 1.65% since the launch of the spot BTC ETFs."
